{
	"availableResources": [{
		"id": 1,
		"costNumb": "",
		"costCenter": "",
		"availablePeriods": [0, 10000]
	}, {
		"id": 2,
		"costNumb": "",
		"costCenter": "",
		"availablePeriods": [0, 10000]
	}, {
		"id": 3,
		"costNumb": "",
		"costCenter": "",
		"availablePeriods": [0, 10000]
	}, {
		"id": 4,
		"costNumb": "",
		"costCenter": "",
		"availablePeriods": [0, 10000]
	}, {
		"id": 5,
		"costNumb": "",
		"costCenter": "",
		"availablePeriods": [0, 10000]
	}, {
		"id": 6,
		"costNumb": "",
		"costCenter": "",
		"availablePeriods": [0, 10000]
	}, {
		"id": 7,
		"costNumb": "",
		"costCenter": "",
		"availablePeriods": [0, 10000]
	}, {
		"id": 8,
		"costNumb": "",
		"costCenter": "",
		"availablePeriods": [0, 10000]
	}, {
		"id": 9,
		"costNumb": "",
		"costCenter": "",
		"availablePeriods": [0, 10000]
	}, {
		"id": 10,
		"costNumb": "",
		"costCenter": "",
		"availablePeriods": [0, 10000]
	}],
	"jobs": [{
		"idJob": 1,
		"urgencyLevel": 0,
		"releaseTime": 0,
		"dueDate": 0,
		"fixedStartingTime": 0,
		"sucessorJobs": [],
		"operationsTopology": [{
			"idOp": 1,
			"starting": true,
			"sucessorOperations": [2],
			"resources": [1, 2, 3, 4, 5, 6, 7, 8, 9, 10],
			"time": [1, 4, 6, 9, 3, 5, 2, 8, 9, 5],
			"additionalTime": 0,
			"fixedStartingTime": 0,
			"overlappingCoeffiecient": 1.0,
			"type": ""
		}, {
			"idOp": 2,
			"starting": false,
			"sucessorOperations": [3],
			"resources": [1, 2, 3, 4, 5, 6, 7, 8, 9, 10],
			"time": [4, 1, 1, 3, 4, 8, 10, 4, 11, 4],
			"additionalTime": 0,
			"fixedStartingTime": 0,
			"overlappingCoeffiecient": 1.0,
			"type": ""
		}, {
			"idOp": 3,
			"starting": false,
			"sucessorOperations": [],
			"resources": [1, 2, 3, 4, 5, 6, 7, 8, 9, 10],
			"time": [3, 2, 5, 1, 5, 6, 9, 5, 10, 3],
			"additionalTime": 0,
			"fixedStartingTime": 0,
			"overlappingCoeffiecient": 1.0,
			"type": ""
		}]
	}, {
		"idJob": 2,
		"urgencyLevel": 0,
		"releaseTime": 0,
		"dueDate": 0,
		"fixedStartingTime": 0,
		"sucessorJobs": [],
		"operationsTopology": [{
			"idOp": 1,
			"starting": true,
			"sucessorOperations": [2],
			"resources": [1, 2, 3, 4, 5, 6, 7, 8, 9, 10],
			"time": [2, 10, 4, 5, 9, 8, 4, 15, 8, 4],
			"additionalTime": 0,
			"fixedStartingTime": 0,
			"overlappingCoeffiecient": 1.0,
			"type": ""
		}, {
			"idOp": 2,
			"starting": false,
			"sucessorOperations": [3],
			"resources": [1, 2, 3, 4, 5, 6, 7, 8, 9, 10],
			"time": [4, 8, 7, 1, 9, 6, 1, 10, 7, 1],
			"additionalTime": 0,
			"fixedStartingTime": 0,
			"overlappingCoeffiecient": 1.0,
			"type": ""
		}, {
			"idOp": 3,
			"starting": false,
			"sucessorOperations": [],
			"resources": [1, 2, 3, 4, 5, 6, 7, 8, 9, 10],
			"time": [6, 11, 2, 7, 5, 3, 5, 14, 9, 2],
			"additionalTime": 0,
			"fixedStartingTime": 0,
			"overlappingCoeffiecient": 1.0,
			"type": ""
		}]
	}, {
		"idJob": 3,
		"urgencyLevel": 0,
		"releaseTime": 0,
		"dueDate": 0,
		"fixedStartingTime": 0,
		"sucessorJobs": [],
		"operationsTopology": [{
			"idOp": 1,
			"starting": true,
			"sucessorOperations": [2],
			"resources": [1, 2, 3, 4, 5, 6, 7, 8, 9, 10],
			"time": [8, 5, 8, 9, 4, 3, 5, 3, 8, 1],
			"additionalTime": 0,
			"fixedStartingTime": 0,
			"overlappingCoeffiecient": 1.0,
			"type": ""
		}, {
			"idOp": 2,
			"starting": false,
			"sucessorOperations": [3],
			"resources": [1, 2, 3, 4, 5, 6, 7, 8, 9, 10],
			"time": [9, 3, 6, 1, 2, 6, 4, 1, 7, 2],
			"additionalTime": 0,
			"fixedStartingTime": 0,
			"overlappingCoeffiecient": 1.0,
			"type": ""
		}, {
			"idOp": 3,
			"starting": false,
			"sucessorOperations": [],
			"resources": [1, 2, 3, 4, 5, 6, 7, 8, 9, 10],
			"time": [7, 1, 8, 5, 4, 9, 1, 2, 3, 4],
			"additionalTime": 0,
			"fixedStartingTime": 0,
			"overlappingCoeffiecient": 1.0,
			"type": ""
		}]
	}, {
		"idJob": 4,
		"urgencyLevel": 0,
		"releaseTime": 0,
		"dueDate": 0,
		"fixedStartingTime": 0,
		"sucessorJobs": [],
		"operationsTopology": [{
			"idOp": 1,
			"starting": true,
			"sucessorOperations": [2],
			"resources": [1, 2, 3, 4, 5, 6, 7, 8, 9, 10],
			"time": [5, 10, 6, 4, 9, 5, 1, 7, 1, 6],
			"additionalTime": 0,
			"fixedStartingTime": 0,
			"overlappingCoeffiecient": 1.0,
			"type": ""
		}, {
			"idOp": 2,
			"starting": false,
			"sucessorOperations": [3],
			"resources": [1, 2, 3, 4, 5, 6, 7, 8, 9, 10],
			"time": [4, 2, 3, 8, 7, 4, 6, 9, 8, 4],
			"additionalTime": 0,
			"fixedStartingTime": 0,
			"overlappingCoeffiecient": 1.0,
			"type": ""
		}, {
			"idOp": 3,
			"starting": false,
			"sucessorOperations": [],
			"resources": [1, 2, 3, 4, 5, 6, 7, 8, 9, 10],
			"time": [7, 3, 12, 1, 6, 5, 8, 3, 5, 2],
			"additionalTime": 0,
			"fixedStartingTime": 0,
			"overlappingCoeffiecient": 1.0,
			"type": ""
		}]
	}, {
		"idJob": 5,
		"urgencyLevel": 0,
		"releaseTime": 0,
		"dueDate": 0,
		"fixedStartingTime": 0,
		"sucessorJobs": [],
		"operationsTopology": [{
			"idOp": 1,
			"starting": true,
			"sucessorOperations": [2],
			"resources": [1, 2, 3, 4, 5, 6, 7, 8, 9, 10],
			"time": [7, 10, 4, 5, 6, 3, 5, 15, 2, 6],
			"additionalTime": 0,
			"fixedStartingTime": 0,
			"overlappingCoeffiecient": 1.0,
			"type": ""
		}, {
			"idOp": 2,
			"starting": false,
			"sucessorOperations": [3],
			"resources": [1, 2, 3, 4, 5, 6, 7, 8, 9, 10],
			"time": [5, 6, 3, 9, 8, 2, 8, 6, 1, 7],
			"additionalTime": 0,
			"fixedStartingTime": 0,
			"overlappingCoeffiecient": 1.0,
			"type": ""
		}, {
			"idOp": 3,
			"starting": false,
			"sucessorOperations": [],
			"resources": [1, 2, 3, 4, 5, 6, 7, 8, 9, 10],
			"time": [6, 1, 4, 1, 10, 4, 3, 11, 13, 9],
			"additionalTime": 0,
			"fixedStartingTime": 0,
			"overlappingCoeffiecient": 1.0,
			"type": ""
		}]
	}, {
		"idJob": 6,
		"urgencyLevel": 0,
		"releaseTime": 0,
		"dueDate": 0,
		"fixedStartingTime": 0,
		"sucessorJobs": [],
		"operationsTopology": [{
			"idOp": 1,
			"starting": true,
			"sucessorOperations": [2],
			"resources": [1, 2, 3, 4, 5, 6, 7, 8, 9, 10],
			"time": [8, 9, 10, 8, 4, 2, 7, 8, 3, 10],
			"additionalTime": 0,
			"fixedStartingTime": 0,
			"overlappingCoeffiecient": 1.0,
			"type": ""
		}, {
			"idOp": 2,
			"starting": false,
			"sucessorOperations": [3],
			"resources": [1, 2, 3, 4, 5, 6, 7, 8, 9, 10],
			"time": [7, 3, 12, 5, 4, 3, 6, 9, 2, 15],
			"additionalTime": 0,
			"fixedStartingTime": 0,
			"overlappingCoeffiecient": 1.0,
			"type": ""
		}, {
			"idOp": 3,
			"starting": false,
			"sucessorOperations": [],
			"resources": [1, 2, 3, 4, 5, 6, 7, 8, 9, 10],
			"time": [4, 7, 3, 6, 3, 4, 1, 5, 1, 11],
			"additionalTime": 0,
			"fixedStartingTime": 0,
			"overlappingCoeffiecient": 1.0,
			"type": ""
		}]
	}, {
		"idJob": 7,
		"urgencyLevel": 0,
		"releaseTime": 0,
		"dueDate": 0,
		"fixedStartingTime": 0,
		"sucessorJobs": [],
		"operationsTopology": [{
			"idOp": 1,
			"starting": true,
			"sucessorOperations": [2],
			"resources": [1, 2, 3, 4, 5, 6, 7, 8, 9, 10],
			"time": [1, 7, 8, 3, 4, 9, 4, 13, 10, 7],
			"additionalTime": 0,
			"fixedStartingTime": 0,
			"overlappingCoeffiecient": 1.0,
			"type": ""
		}, {
			"idOp": 2,
			"starting": false,
			"sucessorOperations": [3],
			"resources": [1, 2, 3, 4, 5, 6, 7, 8, 9, 10],
			"time": [3, 8, 1, 2, 3, 6, 11, 2, 13, 3],
			"additionalTime": 0,
			"fixedStartingTime": 0,
			"overlappingCoeffiecient": 1.0,
			"type": ""
		}, {
			"idOp": 3,
			"starting": false,
			"sucessorOperations": [],
			"resources": [1, 2, 3, 4, 5, 6, 7, 8, 9, 10],
			"time": [5, 4, 2, 1, 2, 1, 8, 14, 5, 7],
			"additionalTime": 0,
			"fixedStartingTime": 0,
			"overlappingCoeffiecient": 1.0,
			"type": ""
		}]
	}, {
		"idJob": 8,
		"urgencyLevel": 0,
		"releaseTime": 0,
		"dueDate": 0,
		"fixedStartingTime": 0,
		"sucessorJobs": [],
		"operationsTopology": [{
			"idOp": 1,
			"starting": true,
			"sucessorOperations": [2],
			"resources": [1, 2, 3, 4, 5, 6, 7, 8, 9, 10],
			"time": [5, 7, 11, 3, 2, 9, 8, 5, 12, 8],
			"additionalTime": 0,
			"fixedStartingTime": 0,
			"overlappingCoeffiecient": 1.0,
			"type": ""
		}, {
			"idOp": 2,
			"starting": false,
			"sucessorOperations": [3],
			"resources": [1, 2, 3, 4, 5, 6, 7, 8, 9, 10],
			"time": [8, 3, 10, 7, 5, 13, 4, 6, 8, 4],
			"additionalTime": 0,
			"fixedStartingTime": 0,
			"overlappingCoeffiecient": 1.0,
			"type": ""
		}, {
			"idOp": 3,
			"starting": false,
			"sucessorOperations": [],
			"resources": [1, 2, 3, 4, 5, 6, 7, 8, 9, 10],
			"time": [6, 2, 13, 5, 4, 3, 5, 7, 9, 5],
			"additionalTime": 0,
			"fixedStartingTime": 0,
			"overlappingCoeffiecient": 1.0,
			"type": ""
		}]
	}, {
		"idJob": 9,
		"urgencyLevel": 0,
		"releaseTime": 0,
		"dueDate": 0,
		"fixedStartingTime": 0,
		"sucessorJobs": [],
		"operationsTopology": [{
			"idOp": 1,
			"starting": true,
			"sucessorOperations": [2],
			"resources": [1, 2, 3, 4, 5, 6, 7, 8, 9, 10],
			"time": [3, 9, 1, 3, 8, 1, 6, 7, 5, 4],
			"additionalTime": 0,
			"fixedStartingTime": 0,
			"overlappingCoeffiecient": 1.0,
			"type": ""
		}, {
			"idOp": 2,
			"starting": false,
			"sucessorOperations": [3],
			"resources": [1, 2, 3, 4, 5, 6, 7, 8, 9, 10],
			"time": [4, 6, 2, 5, 7, 3, 1, 9, 6, 7],
			"additionalTime": 0,
			"fixedStartingTime": 0,
			"overlappingCoeffiecient": 1.0,
			"type": ""
		}, {
			"idOp": 3,
			"starting": false,
			"sucessorOperations": [],
			"resources": [1, 2, 3, 4, 5, 6, 7, 8, 9, 10],
			"time": [8, 5, 4, 8, 6, 1, 2, 3, 10, 12],
			"additionalTime": 0,
			"fixedStartingTime": 0,
			"overlappingCoeffiecient": 1.0,
			"type": ""
		}]
	}, {
		"idJob": 10,
		"urgencyLevel": 0,
		"releaseTime": 0,
		"dueDate": 0,
		"fixedStartingTime": 0,
		"sucessorJobs": [],
		"operationsTopology": [{
			"idOp": 1,
			"starting": true,
			"sucessorOperations": [2],
			"resources": [1, 2, 3, 4, 5, 6, 7, 8, 9, 10],
			"time": [4, 3, 1, 6, 7, 1, 2, 6, 20, 6],
			"additionalTime": 0,
			"fixedStartingTime": 0,
			"overlappingCoeffiecient": 1.0,
			"type": ""
		}, {
			"idOp": 2,
			"starting": false,
			"sucessorOperations": [3],
			"resources": [1, 2, 3, 4, 5, 6, 7, 8, 9, 10],
			"time": [3, 1, 8, 1, 9, 4, 1, 4, 17, 15],
			"additionalTime": 0,
			"fixedStartingTime": 0,
			"overlappingCoeffiecient": 1.0,
			"type": ""
		}, {
			"idOp": 3,
			"starting": false,
			"sucessorOperations": [],
			"resources": [1, 2, 3, 4, 5, 6, 7, 8, 9, 10],
			"time": [9, 2, 4, 2, 3, 5, 2, 4, 10, 23],
			"additionalTime": 0,
			"fixedStartingTime": 0,
			"overlappingCoeffiecient": 1.0,
			"type": ""
		}]
	}]
}