{"availableResources":[{"id":1,"costNumb":"","costCenter":"","availablePeriods":[0,10000]},{"id":2,"costNumb":"","costCenter":"","availablePeriods":[0,10000]},{"id":3,"costNumb":"","costCenter":"","availablePeriods":[0,10000]},{"id":4,"costNumb":"","costCenter":"","availablePeriods":[0,10000]},{"id":5,"costNumb":"","costCenter":"","availablePeriods":[0,10000]},{"id":6,"costNumb":"","costCenter":"","availablePeriods":[0,10000]},{"id":7,"costNumb":"","costCenter":"","availablePeriods":[0,10000]}],"jobs":[{"idJob":1,"urgencyLevel":0,"releaseTime":0,"dueDate":0,"fixedStartingTime":0,"sucessorJobs":[],"operationsTopology":[{"idOp":1,"starting":true,"sucessorOperations":[2],"resources":[1,2,3,4,5,6,7],"time":[1,4,6,9,3,5,2],"additionalTime":0,"fixedStartingTime":0,"overlappingCoeffiecient":1.0,"type":""},{"idOp":2,"starting":false,"sucessorOperations":[3],"resources":[1,2,3,4,5,6,7],"time":[8,9,5,4,1,1,3],"additionalTime":0,"fixedStartingTime":0,"overlappingCoeffiecient":1.0,"type":""},{"idOp":3,"starting":false,"sucessorOperations":[],"resources":[1,2,3,4,5,6,7],"time":[4,8,10,4,11,4,3],"additionalTime":0,"fixedStartingTime":0,"overlappingCoeffiecient":1.0,"type":""}]},{"idJob":2,"urgencyLevel":0,"releaseTime":0,"dueDate":0,"fixedStartingTime":0,"sucessorJobs":[],"operationsTopology":[{"idOp":1,"starting":true,"sucessorOperations":[2],"resources":[1,2,3,4,5,6,7],"time":[6,9,8,6,5,10,3],"additionalTime":0,"fixedStartingTime":0,"overlappingCoeffiecient":1.0,"type":""},{"idOp":2,"starting":false,"sucessorOperations":[],"resources":[1,2,3,4,5,6,7],"time":[2,10,4,5,9,8,4],"additionalTime":0,"fixedStartingTime":0,"overlappingCoeffiecient":1.0,"type":""}]},{"idJob":3,"urgencyLevel":0,"releaseTime":0,"dueDate":0,"fixedStartingTime":0,"sucessorJobs":[],"operationsTopology":[{"idOp":1,"starting":true,"sucessorOperations":[2],"resources":[1,2,3,4,5,6,7],"time":[15,4,8,4,8,7,1],"additionalTime":0,"fixedStartingTime":0,"overlappingCoeffiecient":1.0,"type":""},{"idOp":2,"starting":false,"sucessorOperations":[3],"resources":[1,2,3,4,5,6,7],"time":[9,6,1,10,7,1,6],"additionalTime":0,"fixedStartingTime":0,"overlappingCoeffiecient":1.0,"type":""},{"idOp":3,"starting":false,"sucessorOperations":[],"resources":[1,2,3,4,5,6,7],"time":[11,2,7,5,2,3,14],"additionalTime":0,"fixedStartingTime":0,"overlappingCoeffiecient":1.0,"type":""}]},{"idJob":4,"urgencyLevel":0,"releaseTime":0,"dueDate":0,"fixedStartingTime":0,"sucessorJobs":[],"operationsTopology":[{"idOp":1,"starting":true,"sucessorOperations":[2],"resources":[1,2,3,4,5,6,7],"time":[2,8,5,8,9,4,3],"additionalTime":0,"fixedStartingTime":0,"overlappingCoeffiecient":1.0,"type":""},{"idOp":2,"starting":false,"sucessorOperations":[3],"resources":[1,2,3,4,5,6,7],"time":[5,3,8,1,9,3,6],"additionalTime":0,"fixedStartingTime":0,"overlappingCoeffiecient":1.0,"type":""},{"idOp":3,"starting":false,"sucessorOperations":[],"resources":[1,2,3,4,5,6,7],"time":[1,2,6,4,1,7,2],"additionalTime":0,"fixedStartingTime":0,"overlappingCoeffiecient":1.0,"type":""}]},{"idJob":5,"urgencyLevel":0,"releaseTime":0,"dueDate":0,"fixedStartingTime":0,"sucessorJobs":[],"operationsTopology":[{"idOp":1,"starting":true,"sucessorOperations":[2],"resources":[1,2,3,4,5,6,7],"time":[7,1,8,5,4,3,9],"additionalTime":0,"fixedStartingTime":0,"overlappingCoeffiecient":1.0,"type":""},{"idOp":2,"starting":false,"sucessorOperations":[3],"resources":[1,2,3,4,5,6,7],"time":[2,4,5,10,6,4,9],"additionalTime":0,"fixedStartingTime":0,"overlappingCoeffiecient":1.0,"type":""},{"idOp":3,"starting":false,"sucessorOperations":[],"resources":[1,2,3,4,5,6,7],"time":[5,1,7,1,6,6,2],"additionalTime":0,"fixedStartingTime":0,"overlappingCoeffiecient":1.0,"type":""}]},{"idJob":6,"urgencyLevel":0,"releaseTime":0,"dueDate":0,"fixedStartingTime":0,"sucessorJobs":[],"operationsTopology":[{"idOp":1,"starting":true,"sucessorOperations":[2],"resources":[1,2,3,4,5,6,7],"time":[8,7,4,56,9,8,4],"additionalTime":0,"fixedStartingTime":0,"overlappingCoeffiecient":1.0,"type":""},{"idOp":2,"starting":false,"sucessorOperations":[3],"resources":[1,2,3,4,5,6,7],"time":[5,14,1,9,6,5,8],"additionalTime":0,"fixedStartingTime":0,"overlappingCoeffiecient":1.0,"type":""},{"idOp":3,"starting":false,"sucessorOperations":[],"resources":[1,2,3,4,5,6,7],"time":[3,5,2,5,4,5,7],"additionalTime":0,"fixedStartingTime":0,"overlappingCoeffiecient":1.0,"type":""}]},{"idJob":7,"urgencyLevel":0,"releaseTime":0,"dueDate":0,"fixedStartingTime":0,"sucessorJobs":[],"operationsTopology":[{"idOp":1,"starting":true,"sucessorOperations":[2],"resources":[1,2,3,4,5,6,7],"time":[5,6,3,6,5,15,2],"additionalTime":0,"fixedStartingTime":0,"overlappingCoeffiecient":1.0,"type":""},{"idOp":2,"starting":false,"sucessorOperations":[3],"resources":[1,2,3,4,5,6,7],"time":[6,5,4,9,5,4,3],"additionalTime":0,"fixedStartingTime":0,"overlappingCoeffiecient":1.0,"type":""},{"idOp":3,"starting":false,"sucessorOperations":[],"resources":[1,2,3,4,5,6,7],"time":[9,8,2,8,6,1,7],"additionalTime":0,"fixedStartingTime":0,"overlappingCoeffiecient":1.0,"type":""}]},{"idJob":8,"urgencyLevel":0,"releaseTime":0,"dueDate":0,"fixedStartingTime":0,"sucessorJobs":[],"operationsTopology":[{"idOp":1,"starting":true,"sucessorOperations":[2],"resources":[1,2,3,4,5,6,7],"time":[6,1,4,1,10,4,3],"additionalTime":0,"fixedStartingTime":0,"overlappingCoeffiecient":1.0,"type":""},{"idOp":2,"starting":false,"sucessorOperations":[3],"resources":[1,2,3,4,5,6,7],"time":[11,13,9,8,9,10,8],"additionalTime":0,"fixedStartingTime":0,"overlappingCoeffiecient":1.0,"type":""},{"idOp":3,"starting":false,"sucessorOperations":[],"resources":[1,2,3,4,5,6,7],"time":[4,2,7,8,3,10,7],"additionalTime":0,"fixedStartingTime":0,"overlappingCoeffiecient":1.0,"type":""}]},{"idJob":9,"urgencyLevel":0,"releaseTime":0,"dueDate":0,"fixedStartingTime":0,"sucessorJobs":[],"operationsTopology":[{"idOp":1,"starting":true,"sucessorOperations":[2],"resources":[1,2,3,4,5,6,7],"time":[12,5,4,5,4,5,5],"additionalTime":0,"fixedStartingTime":0,"overlappingCoeffiecient":1.0,"type":""},{"idOp":2,"starting":false,"sucessorOperations":[3],"resources":[1,2,3,4,5,6,7],"time":[4,2,15,99,4,7,3],"additionalTime":0,"fixedStartingTime":0,"overlappingCoeffiecient":1.0,"type":""},{"idOp":3,"starting":false,"sucessorOperations":[],"resources":[1,2,3,4,5,6,7],"time":[9,5,11,2,5,4,2],"additionalTime":0,"fixedStartingTime":0,"overlappingCoeffiecient":1.0,"type":""}]},{"idJob":10,"urgencyLevel":0,"releaseTime":0,"dueDate":0,"fixedStartingTime":0,"sucessorJobs":[],"operationsTopology":[{"idOp":1,"starting":true,"sucessorOperations":[2],"resources":[1,2,3,4,5,6,7],"time":[9,4,13,10,7,6,8],"additionalTime":0,"fixedStartingTime":0,"overlappingCoeffiecient":1.0,"type":""},{"idOp":2,"starting":false,"sucessorOperations":[3],"resources":[1,2,3,4,5,6,7],"time":[4,3,25,3,8,1,2],"additionalTime":0,"fixedStartingTime":0,"overlappingCoeffiecient":1.0,"type":""},{"idOp":3,"starting":false,"sucessorOperations":[],"resources":[1,2,3,4,5,6,7],"time":[1,2,6,11,13,3,5],"additionalTime":0,"fixedStartingTime":0,"overlappingCoeffiecient":1.0,"type":""}]}]}