{
	"availableResources": [{
		"id": 1,
		"costNumb": "",
		"costCenter": "",
		"availablePeriods": [0, 10000]
	}, {
		"id": 2,
		"costNumb": "",
		"costCenter": "",
		"availablePeriods": [0, 10000]
	}, {
		"id": 3,
		"costNumb": "",
		"costCenter": "",
		"availablePeriods": [0, 10000]
	}, {
		"id": 4,
		"costNumb": "",
		"costCenter": "",
		"availablePeriods": [0, 10000]
	}, {
		"id": 5,
		"costNumb": "",
		"costCenter": "",
		"availablePeriods": [0, 10000]
	}],
	"jobs": [{
		"idJob": 1,
		"urgencyLevel": 0,
		"releaseTime": 0,
		"dueDate": 0,
		"fixedStartingTime": 0,
		"sucessorJobs": [],
		"operationsTopology": [{
			"idOp": 1,
			"starting": true,
			"sucessorOperations": [2],
			"resources": [1, 2, 3, 4, 5],
			"time": [2, 5, 4, 1, 2],
			"additionalTime": 0,
			"fixedStartingTime": 0,
			"overlappingCoeffiecient": 1.0,
			"type": ""
		}, {
			"idOp": 2,
			"starting": false,
			"sucessorOperations": [3],
			"resources": [1, 2, 3, 4, 5],
			"time": [5, 4, 5, 7, 5],
			"additionalTime": 0,
			"fixedStartingTime": 0,
			"overlappingCoeffiecient": 1.0,
			"type": ""
		}, {
			"idOp": 3,
			"starting": false,
			"sucessorOperations": [],
			"resources": [1, 2, 3, 4, 5],
			"time": [4, 5, 5, 4, 5],
			"additionalTime": 0,
			"fixedStartingTime": 0,
			"overlappingCoeffiecient": 1.0,
			"type": ""
		}]
	}, {
		"idJob": 2,
		"urgencyLevel": 0,
		"releaseTime": 0,
		"dueDate": 0,
		"fixedStartingTime": 0,
		"sucessorJobs": [],
		"operationsTopology": [{
			"idOp": 1,
			"starting": true,
			"sucessorOperations": [2],
			"resources": [1, 2, 3, 4, 5],
			"time": [2, 5, 4, 7, 8],
			"additionalTime": 0,
			"fixedStartingTime": 0,
			"overlappingCoeffiecient": 1.0,
			"type": ""
		}, {
			"idOp": 2,
			"starting": false,
			"sucessorOperations": [3],
			"resources": [1, 2, 3, 4, 5],
			"time": [5, 6, 9, 8, 5],
			"additionalTime": 0,
			"fixedStartingTime": 0,
			"overlappingCoeffiecient": 1.0,
			"type": ""
		}, {
			"idOp": 3,
			"starting": false,
			"sucessorOperations": [],
			"resources": [1, 2, 3, 4, 5],
			"time": [4, 5, 4, 54, 5],
			"additionalTime": 0,
			"fixedStartingTime": 0,
			"overlappingCoeffiecient": 1.0,
			"type": ""
		}]
	}, {
		"idJob": 3,
		"urgencyLevel": 0,
		"releaseTime": 0,
		"dueDate": 0,
		"fixedStartingTime": 0,
		"sucessorJobs": [],
		"operationsTopology": [{
			"idOp": 1,
			"starting": true,
			"sucessorOperations": [2],
			"resources": [1, 2, 3, 4, 5],
			"time": [9, 8, 6, 7, 9],
			"additionalTime": 0,
			"fixedStartingTime": 0,
			"overlappingCoeffiecient": 1.0,
			"type": ""
		}, {
			"idOp": 2,
			"starting": false,
			"sucessorOperations": [3],
			"resources": [1, 2, 3, 4, 5],
			"time": [6, 1, 2, 5, 4],
			"additionalTime": 0,
			"fixedStartingTime": 0,
			"overlappingCoeffiecient": 1.0,
			"type": ""
		}, {
			"idOp": 3,
			"starting": false,
			"sucessorOperations": [4],
			"resources": [1, 2, 3, 4, 5],
			"time": [2, 5, 4, 2, 4],
			"additionalTime": 0,
			"fixedStartingTime": 0,
			"overlappingCoeffiecient": 1.0,
			"type": ""
		}, {
			"idOp": 4,
			"starting": false,
			"sucessorOperations": [],
			"resources": [1, 2, 3, 4, 5],
			"time": [4, 5, 2, 1, 5],
			"additionalTime": 0,
			"fixedStartingTime": 0,
			"overlappingCoeffiecient": 1.0,
			"type": ""
		}]
	}, {
		"idJob": 4,
		"urgencyLevel": 0,
		"releaseTime": 0,
		"dueDate": 0,
		"fixedStartingTime": 0,
		"sucessorJobs": [],
		"operationsTopology": [{
			"idOp": 1,
			"starting": true,
			"sucessorOperations": [2],
			"resources": [1, 2, 3, 4, 5],
			"time": [1, 5, 2, 4, 12],
			"additionalTime": 0,
			"fixedStartingTime": 0,
			"overlappingCoeffiecient": 1.0,
			"type": ""
		}, {
			"idOp": 2,
			"starting": false,
			"sucessorOperations": [],
			"resources": [1, 2, 3, 4, 5],
			"time": [5, 1, 2, 1, 2],
			"additionalTime": 0,
			"fixedStartingTime": 0,
			"overlappingCoeffiecient": 1.0,
			"type": ""
		}]
	}]
}