{
	"availableResources": [{
		"id": 1,
		"costNumb": "",
		"costCenter": "",
		"availablePeriods": [0, 10000]
	}, {
		"id": 2,
		"costNumb": "",
		"costCenter": "",
		"availablePeriods": [0, 10000]
	}, {
		"id": 3,
		"costNumb": "",
		"costCenter": "",
		"availablePeriods": [0, 10000]
	}, {
		"id": 4,
		"costNumb": "",
		"costCenter": "",
		"availablePeriods": [0, 10000]
	}, {
		"id": 5,
		"costNumb": "",
		"costCenter": "",
		"availablePeriods": [0, 10000]
	}, {
		"id": 6,
		"costNumb": "",
		"costCenter": "",
		"availablePeriods": [0, 10000]
	}, {
		"id": 7,
		"costNumb": "",
		"costCenter": "",
		"availablePeriods": [0, 10000]
	}, {
		"id": 8,
		"costNumb": "",
		"costCenter": "",
		"availablePeriods": [0, 10000]
	}],
	"jobs": [{
		"idJob": 1,
		"urgencyLevel": 0,
		"releaseTime": 0,
		"dueDate": 0,
		"fixedStartingTime": 0,
		"sucessorJobs": [],
		"operationsTopology": [{
			"idOp": 1,
			"starting": true,
			"sucessorOperations": [2],
			"resources": [1, 2, 3, 4, 5, 7, 8],
			"time": [5, 3, 5, 3, 3, 10, 9],
			"additionalTime": 0,
			"fixedStartingTime": 0,
			"overlappingCoeffiecient": 1.0,
			"type": ""
		}, {
			"idOp": 2,
			"starting": false,
			"sucessorOperations": [3],
			"resources": [1, 3, 4, 5, 6, 7, 8],
			"time": [10, 5, 8, 3, 9, 9, 6],
			"additionalTime": 0,
			"fixedStartingTime": 0,
			"overlappingCoeffiecient": 1.0,
			"type": ""
		}, {
			"idOp": 3,
			"starting": false,
			"sucessorOperations": [],
			"resources": [2, 4, 5, 6, 7, 8],
			"time": [10, 5, 6, 2, 4, 5],
			"additionalTime": 0,
			"fixedStartingTime": 0,
			"overlappingCoeffiecient": 1.0,
			"type": ""
		}]
	}, {
		"idJob": 2,
		"urgencyLevel": 0,
		"releaseTime": 0,
		"dueDate": 0,
		"fixedStartingTime": 0,
		"sucessorJobs": [],
		"operationsTopology": [{
			"idOp": 1,
			"starting": true,
			"sucessorOperations": [2],
			"resources": [1, 2, 3, 4, 5, 7],
			"time": [5, 7, 3, 9, 8, 9],
			"additionalTime": 0,
			"fixedStartingTime": 0,
			"overlappingCoeffiecient": 1.0,
			"type": ""
		}, {
			"idOp": 2,
			"starting": false,
			"sucessorOperations": [3],
			"resources": [2, 3, 4, 5, 6, 7, 8],
			"time": [8, 5, 2, 6, 7, 10, 9],
			"additionalTime": 0,
			"fixedStartingTime": 0,
			"overlappingCoeffiecient": 1.0,
			"type": ""
		}, {
			"idOp": 3,
			"starting": false,
			"sucessorOperations": [4],
			"resources": [2, 4, 5, 6, 7, 8],
			"time": [10, 5, 6, 4, 1, 7],
			"additionalTime": 0,
			"fixedStartingTime": 0,
			"overlappingCoeffiecient": 1.0,
			"type": ""
		}, {
			"idOp": 4,
			"starting": false,
			"sucessorOperations": [],
			"resources": [1, 2, 3, 4, 5, 6],
			"time": [10, 8, 9, 6, 4, 7],
			"additionalTime": 0,
			"fixedStartingTime": 0,
			"overlappingCoeffiecient": 1.0,
			"type": ""
		}]
	}, {
		"idJob": 3,
		"urgencyLevel": 0,
		"releaseTime": 0,
		"dueDate": 0,
		"fixedStartingTime": 0,
		"sucessorJobs": [],
		"operationsTopology": [{
			"idOp": 1,
			"starting": true,
			"sucessorOperations": [2],
			"resources": [1, 4, 5, 6, 7, 8],
			"time": [10, 7, 6, 5, 2, 4],
			"additionalTime": 0,
			"fixedStartingTime": 0,
			"overlappingCoeffiecient": 1.0,
			"type": ""
		}, {
			"idOp": 2,
			"starting": false,
			"sucessorOperations": [3],
			"resources": [2, 3, 4, 5, 6, 7],
			"time": [10, 6, 4, 8, 9, 10],
			"additionalTime": 0,
			"fixedStartingTime": 0,
			"overlappingCoeffiecient": 1.0,
			"type": ""
		}, {
			"idOp": 3,
			"starting": false,
			"sucessorOperations": [],
			"resources": [1, 2, 3, 4, 6, 8],
			"time": [1, 4, 5, 6, 10, 7],
			"additionalTime": 0,
			"fixedStartingTime": 0,
			"overlappingCoeffiecient": 1.0,
			"type": ""
		}]
	}, {
		"idJob": 4,
		"urgencyLevel": 0,
		"releaseTime": 0,
		"dueDate": 0,
		"fixedStartingTime": 0,
		"sucessorJobs": [],
		"operationsTopology": [{
			"idOp": 1,
			"starting": true,
			"sucessorOperations": [2],
			"resources": [1, 2, 3, 4, 5, 6, 7, 8],
			"time": [3, 1, 6, 5, 9, 7, 8, 4],
			"additionalTime": 0,
			"fixedStartingTime": 0,
			"overlappingCoeffiecient": 1.0,
			"type": ""
		}, {
			"idOp": 2,
			"starting": false,
			"sucessorOperations": [3],
			"resources": [1, 2, 3, 4, 5, 6, 7, 8],
			"time": [12, 11, 7, 8, 10, 5, 6, 9],
			"additionalTime": 0,
			"fixedStartingTime": 0,
			"overlappingCoeffiecient": 1.0,
			"type": ""
		}, {
			"idOp": 3,
			"starting": false,
			"sucessorOperations": [],
			"resources": [1, 2, 3, 4, 5, 6, 7, 8],
			"time": [4, 6, 2, 10, 3, 9, 5, 7],
			"additionalTime": 0,
			"fixedStartingTime": 0,
			"overlappingCoeffiecient": 1.0,
			"type": ""
		}]
	}, {
		"idJob": 5,
		"urgencyLevel": 0,
		"releaseTime": 0,
		"dueDate": 0,
		"fixedStartingTime": 0,
		"sucessorJobs": [],
		"operationsTopology": [{
			"idOp": 1,
			"starting": true,
			"sucessorOperations": [2],
			"resources": [1, 2, 3, 4, 5, 7],
			"time": [3, 6, 7, 8, 9, 10],
			"additionalTime": 0,
			"fixedStartingTime": 0,
			"overlappingCoeffiecient": 1.0,
			"type": ""
		}, {
			"idOp": 2,
			"starting": false,
			"sucessorOperations": [3],
			"resources": [1, 3, 4, 5, 6, 7],
			"time": [10, 7, 4, 9, 8, 6],
			"additionalTime": 0,
			"fixedStartingTime": 0,
			"overlappingCoeffiecient": 1.0,
			"type": ""
		}, {
			"idOp": 3,
			"starting": false,
			"sucessorOperations": [4],
			"resources": [2, 3, 4, 5, 6, 7],
			"time": [9, 8, 7, 4, 2, 7],
			"additionalTime": 0,
			"fixedStartingTime": 0,
			"overlappingCoeffiecient": 1.0,
			"type": ""
		}, {
			"idOp": 4,
			"starting": false,
			"sucessorOperations": [],
			"resources": [1, 2, 4, 5, 6, 7, 8],
			"time": [11, 9, 6, 7, 5, 3, 6],
			"additionalTime": 0,
			"fixedStartingTime": 0,
			"overlappingCoeffiecient": 1.0,
			"type": ""
		}]
	}, {
		"idJob": 6,
		"urgencyLevel": 0,
		"releaseTime": 0,
		"dueDate": 0,
		"fixedStartingTime": 0,
		"sucessorJobs": [],
		"operationsTopology": [{
			"idOp": 1,
			"starting": true,
			"sucessorOperations": [2],
			"resources": [1, 2, 4, 5, 6, 8],
			"time": [6, 7, 1, 4, 6, 9, 10],
			"additionalTime": 0,
			"fixedStartingTime": 0,
			"overlappingCoeffiecient": 1.0,
			"type": ""
		}, {
			"idOp": 2,
			"starting": false,
			"sucessorOperations": [3],
			"resources": [1, 3, 4, 5, 6, 7, 8],
			"time": [11, 9, 9, 9, 7, 6, 4],
			"additionalTime": 0,
			"fixedStartingTime": 0,
			"overlappingCoeffiecient": 1.0,
			"type": ""
		}, {
			"idOp": 3,
			"starting": false,
			"sucessorOperations": [],
			"resources": [1, 2, 3, 4, 5, 7],
			"time": [10, 5, 9, 10, 11, 10],
			"additionalTime": 0,
			"fixedStartingTime": 0,
			"overlappingCoeffiecient": 1.0,
			"type": ""
		}]
	}, {
		"idJob": 7,
		"urgencyLevel": 0,
		"releaseTime": 0,
		"dueDate": 0,
		"fixedStartingTime": 0,
		"sucessorJobs": [],
		"operationsTopology": [{
			"idOp": 1,
			"starting": true,
			"sucessorOperations": [2],
			"resources": [1, 2, 3, 4, 5, 7],
			"time": [5, 4, 2, 6, 7, 10],
			"additionalTime": 0,
			"fixedStartingTime": 0,
			"overlappingCoeffiecient": 1.0,
			"type": ""
		}, {
			"idOp": 2,
			"starting": false,
			"sucessorOperations": [3],
			"resources": [2, 4, 5, 6, 7, 8],
			"time": [9, 9, 11, 9, 10, 5],
			"additionalTime": 0,
			"fixedStartingTime": 0,
			"overlappingCoeffiecient": 1.0,
			"type": ""
		}, {
			"idOp": 3,
			"starting": false,
			"sucessorOperations": [],
			"resources": [2, 3, 4, 5, 6, 8],
			"time": [8, 9, 3, 8, 6, 10],
			"additionalTime": 0,
			"fixedStartingTime": 0,
			"overlappingCoeffiecient": 1.0,
			"type": ""
		}]
	}, {
		"idJob": 8,
		"urgencyLevel": 0,
		"releaseTime": 0,
		"dueDate": 0,
		"fixedStartingTime": 0,
		"sucessorJobs": [],
		"operationsTopology": [{
			"idOp": 1,
			"starting": true,
			"sucessorOperations": [2],
			"resources": [1, 2, 3, 4, 6, 8],
			"time": [2, 8, 5, 9, 4, 10],
			"additionalTime": 0,
			"fixedStartingTime": 0,
			"overlappingCoeffiecient": 1.0,
			"type": ""
		}, {
			"idOp": 2,
			"starting": false,
			"sucessorOperations": [3],
			"resources": [1, 2, 3, 4, 5, 7],
			"time": [7, 4, 7, 8, 9, 10],
			"additionalTime": 0,
			"fixedStartingTime": 0,
			"overlappingCoeffiecient": 1.0,
			"type": ""
		}, {
			"idOp": 3,
			"starting": false,
			"sucessorOperations": [4],
			"resources": [1, 2, 4, 5, 6, 7, 8],
			"time": [9, 9, 8, 5, 6, 7, 1],
			"additionalTime": 0,
			"fixedStartingTime": 0,
			"overlappingCoeffiecient": 1.0,
			"type": ""
		}, {
			"idOp": 4,
			"starting": false,
			"sucessorOperations": [],
			"resources": [1, 3, 4, 5, 6, 7],
			"time": [9, 3, 7, 1, 5, 8],
			"additionalTime": 0,
			"fixedStartingTime": 0,
			"overlappingCoeffiecient": 1.0,
			"type": ""
		}]
	}]
}